{"cameraMode":{"drawMode":0,"name":"Shaded","section":"Shading Mode"},"sceneLighting":false,"audioPlay":false,"sceneViewState":{"showFog":true,"showMaterialUpdate":false,"showSkybox":true,"showFlares":true,"showImageEffects":true,"showParticleSystems":true},"in2DMode":false,"pivot":{"x":-2.290461540222168,"y":3.812715530395508,"z":-1.845170497894287},"rotation":{"x":0.024094367399811746,"y":-0.6753306984901428,"z":-0.022084560245275499,"w":-0.7367904186248779},"size":10.0,"orthographic":false}